"mtry","RMSE","Rsquared","MAE","RMSESD","RsquaredSD","MAESD"
2,11.9507978961716,0.899831635320675,9.56620449389676,0.0346431429536177,0.00118229567704807,0.0382547323377393
36,3.51445128036291,0.978512859186041,2.17768631438835,0.00957384522786461,0.000144937827721128,0.011537587959075
